timeStamp,elapsed,label,responseCode,responseMessage,threadName,dataType,success,failureMessage,bytes,sentBytes,grpThreads,allThreads,URL,Latency,IdleTime,Connect
1751186829438,14,Iteration Start TIme,200,OK,PIM 1-1,text,true,,0,0,1,1,null,0,0,0
1751186829526,0,Iteration Start TIme,200,OK,TIME 2-1,text,true,,0,0,1,2,null,0,0,0
1751186829622,0,Iteration Start TIme,200,OK,CLAIM 3-1,text,true,,0,0,1,3,null,0,0,0
1751186830101,0,Iteration Start TIme,200,OK,PIM 1-2,text,true,,0,0,2,4,null,0,0,0
1751186830193,0,Iteration Start TIme,200,OK,TIME 2-2,text,true,,0,0,2,5,null,0,0,0
1751186830292,1,Iteration Start TIme,200,OK,CLAIM 3-2,text,true,,0,0,2,6,null,0,0,0
1751186830766,0,Iteration Start TIme,200,OK,PIM 1-3,text,true,,0,0,3,7,null,0,0,0
1751186830865,0,Iteration Start TIme,200,OK,TIME 2-3,text,true,,0,0,3,8,null,0,0,0
1751186830956,1,Iteration Start TIme,200,OK,CLAIM 3-3,text,true,,0,0,3,9,null,0,0,0
1751186830348,1361,Login,200,OK,CLAIM 3-1,text,true,,2690,707,3,9,https://opensource-demo.orangehrmlive.com/web/index.php/auth/login,1361,0,988
1751186831307,1076,Login,200,OK,TIME 2-1,text,true,,2687,707,3,9,https://opensource-demo.orangehrmlive.com/web/index.php/auth/login,1076,0,687
1751186831869,932,Login,200,OK,PIM 1-1,text,true,,2687,707,3,9,https://opensource-demo.orangehrmlive.com/web/index.php/auth/login,932,0,571
1751186832062,951,Login,200,OK,PIM 1-2,text,true,,2702,707,3,9,https://opensource-demo.orangehrmlive.com/web/index.php/auth/login,951,0,582
1751186832015,1080,Login,200,OK,CLAIM 3-2,text,true,,2692,707,3,9,https://opensource-demo.orangehrmlive.com/web/index.php/auth/login,1080,0,690
1751186832358,917,Login,200,OK,PIM 1-3,text,true,,2686,707,3,9,https://opensource-demo.orangehrmlive.com/web/index.php/auth/login,917,0,561
1751186832390,922,Login,200,OK,TIME 2-3,text,true,,2701,707,3,9,https://opensource-demo.orangehrmlive.com/web/index.php/auth/login,922,0,560
1751186832680,961,Login,200,OK,CLAIM 3-3,text,true,,2689,707,3,9,https://opensource-demo.orangehrmlive.com/web/index.php/auth/login,961,0,580
1751186832890,973,Login,200,OK,TIME 2-2,text,true,,2703,707,3,9,https://opensource-demo.orangehrmlive.com/web/index.php/auth/login,973,0,588
1751186833607,1074,Validate,200,OK,TIME 2-1,text,true,,5245,2106,3,9,https://opensource-demo.orangehrmlive.com/web/index.php/dashboard/index,670,0,0
1751186833607,670,Validate-0,302,Found,TIME 2-1,text,true,,2097,1138,3,9,https://opensource-demo.orangehrmlive.com/web/index.php/auth/validate,670,0,0
1751186834277,404,Validate-1,200,OK,TIME 2-1,text,true,,3148,968,3,9,https://opensource-demo.orangehrmlive.com/web/index.php/dashboard/index,404,0,0
1751186834164,1098,Validate,200,OK,CLAIM 3-1,text,true,,5245,2113,3,9,https://opensource-demo.orangehrmlive.com/web/index.php/dashboard/index,711,0,0
1751186834164,711,Validate-0,302,Found,CLAIM 3-1,text,true,,2097,1145,3,9,https://opensource-demo.orangehrmlive.com/web/index.php/auth/validate,711,0,0
1751186834875,387,Validate-1,200,OK,CLAIM 3-1,text,true,,3148,968,3,9,https://opensource-demo.orangehrmlive.com/web/index.php/dashboard/index,387,0,0
1751186834640,1213,Validate,200,OK,CLAIM 3-2,text,true,,5245,2117,3,9,https://opensource-demo.orangehrmlive.com/web/index.php/dashboard/index,734,0,0
1751186834640,734,Validate-0,302,Found,CLAIM 3-2,text,true,,2097,1149,3,9,https://opensource-demo.orangehrmlive.com/web/index.php/auth/validate,734,0,0
1751186835374,479,Validate-1,200,OK,CLAIM 3-2,text,true,,3148,968,3,9,https://opensource-demo.orangehrmlive.com/web/index.php/dashboard/index,479,0,0
1751186835152,1104,Validate,200,OK,TIME 2-3,text,true,,5245,2122,3,9,https://opensource-demo.orangehrmlive.com/web/index.php/dashboard/index,678,0,0
1751186835152,678,Validate-0,302,Found,TIME 2-3,text,true,,2097,1154,3,9,https://opensource-demo.orangehrmlive.com/web/index.php/auth/validate,678,0,0
1751186835830,426,Validate-1,200,OK,TIME 2-3,text,true,,3148,968,3,9,https://opensource-demo.orangehrmlive.com/web/index.php/dashboard/index,426,0,0
1751186835258,1075,Validate,200,OK,PIM 1-1,text,true,,5245,2111,3,9,https://opensource-demo.orangehrmlive.com/web/index.php/dashboard/index,676,0,0
1751186835258,676,Validate-0,302,Found,PIM 1-1,text,true,,2097,1143,3,9,https://opensource-demo.orangehrmlive.com/web/index.php/auth/validate,676,0,0
1751186835935,398,Validate-1,200,OK,PIM 1-1,text,true,,3148,968,3,9,https://opensource-demo.orangehrmlive.com/web/index.php/dashboard/index,398,0,0
1751186835243,1164,Validate,200,OK,CLAIM 3-3,text,true,,5245,2109,3,9,https://opensource-demo.orangehrmlive.com/web/index.php/dashboard/index,733,0,0
1751186835243,733,Validate-0,302,Found,CLAIM 3-3,text,true,,2097,1141,3,9,https://opensource-demo.orangehrmlive.com/web/index.php/auth/validate,733,0,0
1751186835976,431,Validate-1,200,OK,CLAIM 3-3,text,true,,3148,968,3,9,https://opensource-demo.orangehrmlive.com/web/index.php/dashboard/index,431,0,0
1751186835567,1066,Validate,200,OK,PIM 1-2,text,true,,5245,2127,3,9,https://opensource-demo.orangehrmlive.com/web/index.php/dashboard/index,676,0,0
1751186835567,676,Validate-0,302,Found,PIM 1-2,text,true,,2097,1159,3,9,https://opensource-demo.orangehrmlive.com/web/index.php/auth/validate,676,0,0
1751186836243,390,Validate-1,200,OK,PIM 1-2,text,true,,3148,968,3,9,https://opensource-demo.orangehrmlive.com/web/index.php/dashboard/index,390,0,0
1751186835560,1909,Validate,200,OK,PIM 1-3,text,true,,5245,2107,3,9,https://opensource-demo.orangehrmlive.com/web/index.php/dashboard/index,1508,0,0
1751186835560,1508,Validate-0,302,Found,PIM 1-3,text,true,,2097,1139,3,9,https://opensource-demo.orangehrmlive.com/web/index.php/auth/validate,1508,0,0
1751186837068,401,Validate-1,200,OK,PIM 1-3,text,true,,3148,968,3,9,https://opensource-demo.orangehrmlive.com/web/index.php/dashboard/index,401,0,0
1751186836733,1093,Validate,200,OK,TIME 2-2,text,true,,5245,2128,3,9,https://opensource-demo.orangehrmlive.com/web/index.php/dashboard/index,687,0,0
1751186836733,687,Validate-0,302,Found,TIME 2-2,text,true,,2097,1160,3,9,https://opensource-demo.orangehrmlive.com/web/index.php/auth/validate,687,0,0
1751186837420,406,Validate-1,200,OK,TIME 2-2,text,true,,3148,968,3,9,https://opensource-demo.orangehrmlive.com/web/index.php/dashboard/index,406,0,0
1751186836633,3161,PIM - Add Employee,200,"Number of samples in transaction : 8, number of failing samples : 0",PIM 1-2,,true,,20023,7017,3,9,null,0,2184,0
1751186836634,0,Debug Sampler,200,OK,PIM 1-2,text,true,,891,0,3,9,null,0,0,0
1751186836634,805,/web/index.php/pim/viewPimModule-58,200,OK,PIM 1-2,text,true,,5332,1701,3,9,https://opensource-demo.orangehrmlive.com/web/index.php/pim/viewEmployeeList,383,0,0
1751186836634,383,/web/index.php/pim/viewPimModule-58-0,302,Found,PIM 1-2,text,true,,2029,849,3,9,https://opensource-demo.orangehrmlive.com/web/index.php/pim/viewPimModule,383,0,0
1751186837017,422,/web/index.php/pim/viewPimModule-58-1,200,OK,PIM 1-2,text,true,,3303,852,3,9,https://opensource-demo.orangehrmlive.com/web/index.php/pim/viewEmployeeList,422,0,0
1751186837440,393,/web/index.php/pim/addEmployee-68,200,OK,PIM 1-2,text,true,,3322,852,3,9,https://opensource-demo.orangehrmlive.com/web/index.php/pim/addEmployee,393,0,0
1751186837834,379,/web/index.php/api/v2/core/validation/unique-74,200,OK,PIM 1-2,text,true,,1422,764,3,9,https://opensource-demo.orangehrmlive.com/web/index.php/api/v2/core/validation/unique?value=EMP6217095&entityName=Employee&attributeName=employeeId,379,0,0
1751186839642,395,/web/index.php/api/v2/pim/employees-77,200,OK,PIM 1-2,text,true,,1540,894,3,9,https://opensource-demo.orangehrmlive.com/web/index.php/api/v2/pim/employees,395,0,0
1751186840037,391,/web/index.php/api/v2/pim/employees/personal-details-93,200,OK,PIM 1-2,text,true,,1696,1035,3,9,https://opensource-demo.orangehrmlive.com/web/index.php/api/v2/pim/employees/332/personal-details,391,0,0
1751186841175,398,/web/index.php/pim/viewEmployeeList-94,200,OK,PIM 1-2,text,true,,3303,874,3,9,https://opensource-demo.orangehrmlive.com/web/index.php/pim/viewEmployeeList,398,0,0
1751186841573,400,/web/index.php/api/v2/pim/employees-103,200,OK,PIM 1-2,text,true,,2517,897,3,9,https://opensource-demo.orangehrmlive.com/web/index.php/api/v2/pim/employees?limit=50&offset=0&model=detailed&nameOrId=yuvaraj_20250629141716&includeEmployees=onlyCurrent&sortField=employee.firstName&sortOrder=ASC,400,0,0
1751186836333,3060,PIM - Add Employee,200,"Number of samples in transaction : 8, number of failing samples : 0",PIM 1-1,,true,,19975,7017,3,9,null,0,2826,0
1751186836334,0,Debug Sampler,200,OK,PIM 1-1,text,true,,843,0,3,9,null,0,0,0
1751186836334,742,/web/index.php/pim/viewPimModule-58,200,OK,PIM 1-1,text,true,,5332,1701,3,9,https://opensource-demo.orangehrmlive.com/web/index.php/pim/viewEmployeeList,359,0,0
1751186836334,359,/web/index.php/pim/viewPimModule-58-0,302,Found,PIM 1-1,text,true,,2029,849,3,9,https://opensource-demo.orangehrmlive.com/web/index.php/pim/viewPimModule,359,0,0
1751186836693,383,/web/index.php/pim/viewPimModule-58-1,200,OK,PIM 1-1,text,true,,3303,852,3,9,https://opensource-demo.orangehrmlive.com/web/index.php/pim/viewEmployeeList,383,0,0
1751186837077,408,/web/index.php/pim/addEmployee-68,200,OK,PIM 1-1,text,true,,3322,852,3,9,https://opensource-demo.orangehrmlive.com/web/index.php/pim/addEmployee,408,0,0
1751186837485,355,/web/index.php/api/v2/core/validation/unique-74,200,OK,PIM 1-1,text,true,,1422,764,3,9,https://opensource-demo.orangehrmlive.com/web/index.php/api/v2/core/validation/unique?value=EMP1256489&entityName=Employee&attributeName=employeeId,355,0,0
1751186839533,377,/web/index.php/api/v2/pim/employees-77,200,OK,PIM 1-1,text,true,,1540,894,3,9,https://opensource-demo.orangehrmlive.com/web/index.php/api/v2/pim/employees,377,0,0
1751186839910,383,/web/index.php/api/v2/pim/employees/personal-details-93,200,OK,PIM 1-1,text,true,,1696,1035,3,9,https://opensource-demo.orangehrmlive.com/web/index.php/api/v2/pim/employees/331/personal-details,383,0,0
1751186841424,407,/web/index.php/pim/viewEmployeeList-94,200,OK,PIM 1-1,text,true,,3303,874,3,9,https://opensource-demo.orangehrmlive.com/web/index.php/pim/viewEmployeeList,406,0,0
1751186841831,388,/web/index.php/api/v2/pim/employees-103,200,OK,PIM 1-1,text,true,,2517,897,3,9,https://opensource-demo.orangehrmlive.com/web/index.php/api/v2/pim/employees?limit=50&offset=0&model=detailed&nameOrId=yuvaraj_20250629141716&includeEmployees=onlyCurrent&sortField=employee.firstName&sortOrder=ASC,388,0,0
1751186837469,3077,PIM - Add Employee,200,"Number of samples in transaction : 8, number of failing samples : 0",PIM 1-3,,true,,19413,7017,3,9,null,0,1769,0
1751186837470,0,Debug Sampler,200,OK,PIM 1-3,text,true,,831,0,3,9,null,0,0,0
1751186837470,784,/web/index.php/pim/viewPimModule-58,200,OK,PIM 1-3,text,true,,5332,1701,3,9,https://opensource-demo.orangehrmlive.com/web/index.php/pim/viewEmployeeList,388,0,0
1751186837470,389,/web/index.php/pim/viewPimModule-58-0,302,Found,PIM 1-3,text,true,,2029,849,3,9,https://opensource-demo.orangehrmlive.com/web/index.php/pim/viewPimModule,388,0,0
1751186837859,395,/web/index.php/pim/viewPimModule-58-1,200,OK,PIM 1-3,text,true,,3303,852,3,9,https://opensource-demo.orangehrmlive.com/web/index.php/pim/viewEmployeeList,395,0,0
1751186838254,374,/web/index.php/pim/addEmployee-68,200,OK,PIM 1-3,text,true,,3321,852,3,9,https://opensource-demo.orangehrmlive.com/web/index.php/pim/addEmployee,374,0,0
1751186838629,384,/web/index.php/api/v2/core/validation/unique-74,200,OK,PIM 1-3,text,true,,1422,764,3,9,https://opensource-demo.orangehrmlive.com/web/index.php/api/v2/core/validation/unique?value=EMP7025258&entityName=Employee&attributeName=employeeId,384,0,0
1751186839443,410,/web/index.php/api/v2/pim/employees-77,200,OK,PIM 1-3,text,true,,1540,894,3,9,https://opensource-demo.orangehrmlive.com/web/index.php/api/v2/pim/employees,410,0,0
1751186839853,379,/web/index.php/api/v2/pim/employees/personal-details-93,200,OK,PIM 1-3,text,true,,1696,1035,3,9,https://opensource-demo.orangehrmlive.com/web/index.php/api/v2/pim/employees/329/personal-details,379,0,0
1751186841568,375,/web/index.php/pim/viewEmployeeList-94,200,OK,PIM 1-3,text,true,,3303,874,3,9,https://opensource-demo.orangehrmlive.com/web/index.php/pim/viewEmployeeList,375,0,0
1751186841944,371,/web/index.php/api/v2/pim/employees-103,200,OK,PIM 1-3,text,true,,1968,897,3,9,https://opensource-demo.orangehrmlive.com/web/index.php/api/v2/pim/employees?limit=50&offset=0&model=detailed&nameOrId=yuvaraj_20250629141717&includeEmployees=onlyCurrent&sortField=employee.firstName&sortOrder=ASC,371,0,0
1751186842316,1492,PIM - Reports,200,"Number of samples in transaction : 5, number of failing samples : 0",PIM 1-3,,true,,10031,3329,3,9,null,0,495,0
1751186842316,0,Debug Sampler,200,OK,PIM 1-3,text,true,,867,0,3,9,null,0,0,0
1751186842316,363,/web/index.php/api/v2/pim/reports/defined-114,200,OK,PIM 1-3,text,true,,1456,933,3,9,https://opensource-demo.orangehrmlive.com/web/index.php/api/v2/pim/reports/defined,363,0,0
1751186842680,373,/web/index.php/api/v2/pim/reports-118,200,OK,PIM 1-3,text,true,,1656,735,3,9,https://opensource-demo.orangehrmlive.com/web/index.php/api/v2/pim/reports?name=pim_defined&reportId=55,373,0,0
1751186843053,375,/web/index.php/api/v2/pim/reports/data-119,200,OK,PIM 1-3,text,true,,4536,848,3,9,https://opensource-demo.orangehrmlive.com/web/index.php/api/v2/pim/reports/data?limit=50&offset=0&reportId=55&name=pim_defined&_dateFormattingEnabled=true,375,0,0
1751186843922,381,/web/index.php/api/v2/pim/reports/defined-124,200,OK,PIM 1-3,text,true,,1516,813,3,9,https://opensource-demo.orangehrmlive.com/web/index.php/api/v2/pim/reports/defined?name=yuvaraj_20250629141722+report,381,0,0
1751186844306,717,Logout,200,OK,PIM 1-3,text,true,,4669,1719,3,9,https://opensource-demo.orangehrmlive.com/web/index.php/auth/login,347,0,0
1751186844306,347,Logout-0,302,Found,PIM 1-3,text,true,,2072,860,3,9,https://opensource-demo.orangehrmlive.com/web/index.php/auth/logout,347,0,0
1751186844653,370,Logout-1,200,OK,PIM 1-3,text,true,,2597,859,3,9,https://opensource-demo.orangehrmlive.com/web/index.php/auth/login,370,0,0
1751186842221,1499,PIM - Reports,200,"Number of samples in transaction : 5, number of failing samples : 0",PIM 1-1,,true,,10043,3329,3,9,null,0,1395,0
1751186842221,0,Debug Sampler,200,OK,PIM 1-1,text,true,,879,0,3,9,null,0,0,0
1751186842221,376,/web/index.php/api/v2/pim/reports/defined-114,200,OK,PIM 1-1,text,true,,1456,933,3,9,https://opensource-demo.orangehrmlive.com/web/index.php/api/v2/pim/reports/defined,376,0,0
1751186842598,388,/web/index.php/api/v2/pim/reports-118,200,OK,PIM 1-1,text,true,,1656,735,3,9,https://opensource-demo.orangehrmlive.com/web/index.php/api/v2/pim/reports?name=pim_defined&reportId=54,388,0,0
1751186842986,373,/web/index.php/api/v2/pim/reports/data-119,200,OK,PIM 1-1,text,true,,4536,848,3,9,https://opensource-demo.orangehrmlive.com/web/index.php/api/v2/pim/reports/data?limit=50&offset=0&reportId=54&name=pim_defined&_dateFormattingEnabled=true,373,0,0
1751186844753,362,/web/index.php/api/v2/pim/reports/defined-124,200,OK,PIM 1-1,text,true,,1516,813,3,9,https://opensource-demo.orangehrmlive.com/web/index.php/api/v2/pim/reports/defined?name=yuvaraj_20250629141722+report,362,0,0
1751186841978,1532,PIM - Reports,200,"Number of samples in transaction : 5, number of failing samples : 0",PIM 1-2,,true,,10042,3329,3,9,null,0,1663,0
1751186841979,0,Debug Sampler,200,OK,PIM 1-2,text,true,,927,0,3,9,null,0,0,0
1751186841979,394,/web/index.php/api/v2/pim/reports/defined-114,200,OK,PIM 1-2,text,true,,1456,933,3,9,https://opensource-demo.orangehrmlive.com/web/index.php/api/v2/pim/reports/defined,394,0,0
1751186842381,396,/web/index.php/api/v2/pim/reports-118,200,OK,PIM 1-2,text,true,,1656,735,3,9,https://opensource-demo.orangehrmlive.com/web/index.php/api/v2/pim/reports?name=pim_defined&reportId=53,396,0,0
1751186842777,371,/web/index.php/api/v2/pim/reports/data-119,200,OK,PIM 1-2,text,true,,4536,848,3,9,https://opensource-demo.orangehrmlive.com/web/index.php/api/v2/pim/reports/data?limit=50&offset=0&reportId=53&name=pim_defined&_dateFormattingEnabled=true,371,0,0
1751186844802,371,/web/index.php/api/v2/pim/reports/defined-124,200,OK,PIM 1-2,text,true,,1467,813,3,9,https://opensource-demo.orangehrmlive.com/web/index.php/api/v2/pim/reports/defined?name=yuvaraj_20250629141721+report,371,0,0
1751186845115,731,Logout,200,OK,PIM 1-1,text,true,,4676,1719,3,9,https://opensource-demo.orangehrmlive.com/web/index.php/auth/login,360,0,0
1751186845115,360,Logout-0,302,Found,PIM 1-1,text,true,,2072,860,3,9,https://opensource-demo.orangehrmlive.com/web/index.php/auth/logout,360,0,0
1751186845475,371,Logout-1,200,OK,PIM 1-1,text,true,,2604,859,3,9,https://opensource-demo.orangehrmlive.com/web/index.php/auth/login,371,0,0
1751186845174,743,Logout,200,OK,PIM 1-2,text,true,,4666,1719,3,9,https://opensource-demo.orangehrmlive.com/web/index.php/auth/login,359,0,0
1751186845174,359,Logout-0,302,Found,PIM 1-2,text,true,,2072,860,3,9,https://opensource-demo.orangehrmlive.com/web/index.php/auth/logout,359,0,0
1751186845533,384,Logout-1,200,OK,PIM 1-2,text,true,,2594,859,3,9,https://opensource-demo.orangehrmlive.com/web/index.php/auth/login,384,0,0
1751186835263,9959,Assign Claim,200,"Number of samples in transaction : 25, number of failing samples : 0",CLAIM 3-1,,true,,78953,20870,3,9,null,0,11644,0
1751186835263,0,Debug Sampler,200,OK,CLAIM 3-1,text,true,,853,0,3,9,null,0,0,0
1751186835263,756,/web/index.php/pim/viewPimModule-58,200,OK,CLAIM 3-1,text,true,,5332,1701,3,9,https://opensource-demo.orangehrmlive.com/web/index.php/pim/viewEmployeeList,373,0,0
1751186835263,373,/web/index.php/pim/viewPimModule-58-0,302,Found,CLAIM 3-1,text,true,,2029,849,3,9,https://opensource-demo.orangehrmlive.com/web/index.php/pim/viewPimModule,373,0,0
1751186835636,383,/web/index.php/pim/viewPimModule-58-1,200,OK,CLAIM 3-1,text,true,,3303,852,3,9,https://opensource-demo.orangehrmlive.com/web/index.php/pim/viewEmployeeList,383,0,0
1751186836019,392,/web/index.php/pim/addEmployee-68,200,OK,CLAIM 3-1,text,true,,3322,852,3,9,https://opensource-demo.orangehrmlive.com/web/index.php/pim/addEmployee,392,0,0
1751186836412,361,/web/index.php/api/v2/core/validation/unique-74,200,OK,CLAIM 3-1,text,true,,1422,764,3,9,https://opensource-demo.orangehrmlive.com/web/index.php/api/v2/core/validation/unique?value=EMP2627526&entityName=Employee&attributeName=employeeId,361,0,0
1751186837529,404,/web/index.php/api/v2/pim/employees-77,200,OK,CLAIM 3-1,text,true,,1540,894,3,9,https://opensource-demo.orangehrmlive.com/web/index.php/api/v2/pim/employees,404,0,0
1751186837933,734,/web/index.php/claim/viewClaimModule-220,200,OK,CLAIM 3-1,text,true,,5220,1706,3,9,https://opensource-demo.orangehrmlive.com/web/index.php/claim/viewAssignClaim,360,0,0
1751186837933,360,/web/index.php/claim/viewClaimModule-220-0,302,Found,CLAIM 3-1,text,true,,2034,853,3,9,https://opensource-demo.orangehrmlive.com/web/index.php/claim/viewClaimModule,360,0,0
1751186838293,374,/web/index.php/claim/viewClaimModule-220-1,200,OK,CLAIM 3-1,text,true,,3186,853,3,9,https://opensource-demo.orangehrmlive.com/web/index.php/claim/viewAssignClaim,374,0,0
1751186838668,414,/web/index.php/claim/viewAssignClaim-222,200,OK,CLAIM 3-1,text,true,,3186,853,3,9,https://opensource-demo.orangehrmlive.com/web/index.php/claim/viewAssignClaim,414,0,0
1751186839082,712,/web/index.php/api/v2/claim/employees/requests-228,200,OK,CLAIM 3-1,text,true,,17727,869,3,9,https://opensource-demo.orangehrmlive.com/web/index.php/api/v2/claim/employees/requests?limit=50&offset=0&includeEmployees=onlyCurrent&sortField=claimRequest.referenceId&sortOrder=DESC,712,0,0
1751186839795,379,/web/index.php/claim/assignClaim-236,200,OK,CLAIM 3-1,text,true,,5350,855,3,9,https://opensource-demo.orangehrmlive.com/web/index.php/claim/assignClaim,379,0,0
1751186840174,360,/web/index.php/api/v2/claim/events-239,200,OK,CLAIM 3-1,text,true,,1624,776,3,9,https://opensource-demo.orangehrmlive.com/web/index.php/api/v2/claim/events?limit=0&status=true,360,0,0
1751186840534,425,/web/index.php/api/v2/pim/employees-252,200,OK,CLAIM 3-1,text,true,,8120,798,3,9,https://opensource-demo.orangehrmlive.com/web/index.php/api/v2/pim/employees?nameOrId=yu&includeEmployees=onlyCurrent,425,0,0
1751186840965,376,/web/index.php/api/v2/claim/employees/329/requests-253,200,OK,CLAIM 3-1,text,true,,1616,851,3,9,https://opensource-demo.orangehrmlive.com/web/index.php/api/v2/claim/employees/325/requests,376,0,0
1751186841341,413,/web/index.php/claim/assignClaim/id/17-254,200,OK,CLAIM 3-1,text,true,,3418,857,3,9,https://opensource-demo.orangehrmlive.com/web/index.php/claim/assignClaim/id/59,413,0,0
1751186841755,373,/web/index.php/api/v2/claim/employees/329/requests/17-257,200,OK,CLAIM 3-1,text,true,,1815,719,3,9,https://opensource-demo.orangehrmlive.com/web/index.php/api/v2/claim/employees/325/requests/59,373,0,0
1751186842145,363,/web/index.php/api/v2/claim/expenses/types-261,200,OK,CLAIM 3-1,text,true,,1678,790,3,9,https://opensource-demo.orangehrmlive.com/web/index.php/api/v2/claim/expenses/types?limit=0&status=true,363,0,0
1751186842508,4,JSR223 Sampler,200,OK,CLAIM 3-1,text,true,,0,0,3,9,null,0,0,0
1751186844175,363,/web/index.php/api/v2/claim/requests/17/expenses-265,200,OK,CLAIM 3-1,text,true,,1542,873,3,9,https://opensource-demo.orangehrmlive.com/web/index.php/api/v2/claim/requests/59/expenses,363,0,0
1751186845984,401,/web/index.php/api/v2/claim/requests/17/expenses-265,200,OK,CLAIM 3-1,text,true,,1543,873,3,9,https://opensource-demo.orangehrmlive.com/web/index.php/api/v2/claim/requests/59/expenses,401,0,0
1751186848172,447,/web/index.php/api/v2/claim/requests/17/expenses-265,200,OK,CLAIM 3-1,text,true,,1544,873,3,9,https://opensource-demo.orangehrmlive.com/web/index.php/api/v2/claim/requests/59/expenses,447,0,0
1751186850720,373,/web/index.php/api/v2/claim/requests/17/expenses-265,200,OK,CLAIM 3-1,text,true,,1538,873,3,9,https://opensource-demo.orangehrmlive.com/web/index.php/api/v2/claim/requests/59/expenses,373,0,0
1751186852497,396,/web/index.php/api/v2/claim/requests/17/action-267,200,OK,CLAIM 3-1,text,true,,1611,834,3,9,https://opensource-demo.orangehrmlive.com/web/index.php/api/v2/claim/requests/59/action,396,0,0
1751186852894,390,/web/index.php/claim/assignClaim/id/17-268,200,OK,CLAIM 3-1,text,true,,3418,863,3,9,https://opensource-demo.orangehrmlive.com/web/index.php/claim/assignClaim/id/59,390,0,0
1751186853284,366,/web/index.php/api/v2/claim/employees/329/requests/17-271,200,OK,CLAIM 3-1,text,true,,1775,719,3,9,https://opensource-demo.orangehrmlive.com/web/index.php/api/v2/claim/employees/325/requests/59,366,0,0
1751186853655,365,/web/index.php/api/v2/claim/requests/17/expenses-272,200,OK,CLAIM 3-1,text,true,,1977,794,3,9,https://opensource-demo.orangehrmlive.com/web/index.php/api/v2/claim/requests/59/expenses?limit=50&offset=0,365,0,0
1751186856466,392,/web/index.php/api/v2/claim/employees/requests-284,200,OK,CLAIM 3-1,text,true,,1782,883,3,9,https://opensource-demo.orangehrmlive.com/web/index.php/api/v2/claim/employees/requests?limit=50&offset=0&empNumber=325&includeEmployees=onlyCurrent&sortField=claimRequest.referenceId&sortOrder=DESC,392,0,0
1751186856869,731,Logout,200,OK,CLAIM 3-1,text,true,,4673,1719,3,9,https://opensource-demo.orangehrmlive.com/web/index.php/auth/login,362,0,0
1751186856869,362,Logout-0,302,Found,CLAIM 3-1,text,true,,2072,860,3,9,https://opensource-demo.orangehrmlive.com/web/index.php/auth/logout,362,0,0
1751186857232,368,Logout-1,200,OK,CLAIM 3-1,text,true,,2601,859,3,9,https://opensource-demo.orangehrmlive.com/web/index.php/auth/login,368,0,0
1751186845847,13605,Pacing Wait TIme,200,OK,PIM 1-1,text,true,,0,0,3,9,null,0,0,0
1751186859451,0,Debug Sampler,200,OK,PIM 1-1,text,true,,891,0,3,9,null,0,0,0
1751186857599,2025,Pacing Wait TIme,200,OK,CLAIM 3-1,text,true,,0,0,3,8,null,0,0,0
1751186859624,0,Debug Sampler,200,OK,CLAIM 3-1,text,true,,1103,0,3,8,null,0,0,0
1751186836407,10274,Assign Claim,200,"Number of samples in transaction : 25, number of failing samples : 0",CLAIM 3-3,,true,,79297,20870,2,7,null,0,13285,0
1751186836408,0,Debug Sampler,200,OK,CLAIM 3-3,text,true,,841,0,3,9,null,0,0,0
1751186836408,784,/web/index.php/pim/viewPimModule-58,200,OK,CLAIM 3-3,text,true,,5332,1701,3,9,https://opensource-demo.orangehrmlive.com/web/index.php/pim/viewEmployeeList,376,0,0
1751186836408,376,/web/index.php/pim/viewPimModule-58-0,302,Found,CLAIM 3-3,text,true,,2029,849,3,9,https://opensource-demo.orangehrmlive.com/web/index.php/pim/viewPimModule,376,0,0
1751186836784,408,/web/index.php/pim/viewPimModule-58-1,200,OK,CLAIM 3-3,text,true,,3303,852,3,9,https://opensource-demo.orangehrmlive.com/web/index.php/pim/viewEmployeeList,408,0,0
1751186837192,403,/web/index.php/pim/addEmployee-68,200,OK,CLAIM 3-3,text,true,,3322,852,3,9,https://opensource-demo.orangehrmlive.com/web/index.php/pim/addEmployee,403,0,0
1751186837596,377,/web/index.php/api/v2/core/validation/unique-74,200,OK,CLAIM 3-3,text,true,,1422,764,3,9,https://opensource-demo.orangehrmlive.com/web/index.php/api/v2/core/validation/unique?value=EMP2482998&entityName=Employee&attributeName=employeeId,377,0,0
1751186839952,406,/web/index.php/api/v2/pim/employees-77,200,OK,CLAIM 3-3,text,true,,1540,894,3,9,https://opensource-demo.orangehrmlive.com/web/index.php/api/v2/pim/employees,406,0,0
1751186840358,784,/web/index.php/claim/viewClaimModule-220,200,OK,CLAIM 3-3,text,true,,5220,1706,3,9,https://opensource-demo.orangehrmlive.com/web/index.php/claim/viewAssignClaim,375,0,0
1751186840358,375,/web/index.php/claim/viewClaimModule-220-0,302,Found,CLAIM 3-3,text,true,,2034,853,3,9,https://opensource-demo.orangehrmlive.com/web/index.php/claim/viewClaimModule,375,0,0
1751186840733,409,/web/index.php/claim/viewClaimModule-220-1,200,OK,CLAIM 3-3,text,true,,3186,853,3,9,https://opensource-demo.orangehrmlive.com/web/index.php/claim/viewAssignClaim,409,0,0
1751186841142,401,/web/index.php/claim/viewAssignClaim-222,200,OK,CLAIM 3-3,text,true,,3186,853,3,9,https://opensource-demo.orangehrmlive.com/web/index.php/claim/viewAssignClaim,401,0,0
1751186841544,749,/web/index.php/api/v2/claim/employees/requests-228,200,OK,CLAIM 3-3,text,true,,18085,869,3,9,https://opensource-demo.orangehrmlive.com/web/index.php/api/v2/claim/employees/requests?limit=50&offset=0&includeEmployees=onlyCurrent&sortField=claimRequest.referenceId&sortOrder=DESC,749,0,0
1751186842294,401,/web/index.php/claim/assignClaim-236,200,OK,CLAIM 3-3,text,true,,5350,855,3,9,https://opensource-demo.orangehrmlive.com/web/index.php/claim/assignClaim,401,0,0
1751186842695,386,/web/index.php/api/v2/claim/events-239,200,OK,CLAIM 3-3,text,true,,1624,776,3,9,https://opensource-demo.orangehrmlive.com/web/index.php/api/v2/claim/events?limit=0&status=true,386,0,0
1751186843081,423,/web/index.php/api/v2/pim/employees-252,200,OK,CLAIM 3-3,text,true,,8120,798,3,9,https://opensource-demo.orangehrmlive.com/web/index.php/api/v2/pim/employees?nameOrId=yu&includeEmployees=onlyCurrent,423,0,0
1751186843504,407,/web/index.php/api/v2/claim/employees/329/requests-253,200,OK,CLAIM 3-3,text,true,,1616,851,3,9,https://opensource-demo.orangehrmlive.com/web/index.php/api/v2/claim/employees/333/requests,407,0,0
1751186843911,400,/web/index.php/claim/assignClaim/id/17-254,200,OK,CLAIM 3-3,text,true,,3417,857,3,9,https://opensource-demo.orangehrmlive.com/web/index.php/claim/assignClaim/id/61,400,0,0
1751186844312,398,/web/index.php/api/v2/claim/employees/329/requests/17-257,200,OK,CLAIM 3-3,text,true,,1815,719,3,9,https://opensource-demo.orangehrmlive.com/web/index.php/api/v2/claim/employees/333/requests/61,398,0,0
1751186844711,382,/web/index.php/api/v2/claim/expenses/types-261,200,OK,CLAIM 3-3,text,true,,1678,790,3,9,https://opensource-demo.orangehrmlive.com/web/index.php/api/v2/claim/expenses/types?limit=0&status=true,382,0,0
1751186845093,1,JSR223 Sampler,200,OK,CLAIM 3-3,text,true,,0,0,3,9,null,0,0,0
1751186847166,384,/web/index.php/api/v2/claim/requests/17/expenses-265,200,OK,CLAIM 3-3,text,true,,1542,873,3,9,https://opensource-demo.orangehrmlive.com/web/index.php/api/v2/claim/requests/61/expenses,384,0,0
1751186849580,419,/web/index.php/api/v2/claim/requests/17/expenses-265,200,OK,CLAIM 3-3,text,true,,1543,873,3,9,https://opensource-demo.orangehrmlive.com/web/index.php/api/v2/claim/requests/61/expenses,418,0,0
1751186852346,400,/web/index.php/api/v2/claim/requests/17/expenses-265,200,OK,CLAIM 3-3,text,true,,1544,873,3,9,https://opensource-demo.orangehrmlive.com/web/index.php/api/v2/claim/requests/61/expenses,400,0,0
1751186854358,382,/web/index.php/api/v2/claim/requests/17/expenses-265,200,OK,CLAIM 3-3,text,true,,1538,873,3,9,https://opensource-demo.orangehrmlive.com/web/index.php/api/v2/claim/requests/61/expenses,382,0,0
1751186856561,395,/web/index.php/api/v2/claim/requests/17/action-267,200,OK,CLAIM 3-3,text,true,,1611,834,3,9,https://opensource-demo.orangehrmlive.com/web/index.php/api/v2/claim/requests/61/action,395,0,0
1751186856956,392,/web/index.php/claim/assignClaim/id/17-268,200,OK,CLAIM 3-3,text,true,,3417,863,3,9,https://opensource-demo.orangehrmlive.com/web/index.php/claim/assignClaim/id/61,391,0,0
1751186857348,392,/web/index.php/api/v2/claim/employees/329/requests/17-271,200,OK,CLAIM 3-3,text,true,,1775,719,3,9,https://opensource-demo.orangehrmlive.com/web/index.php/api/v2/claim/employees/333/requests/61,392,0,0
1751186857739,380,/web/index.php/api/v2/claim/requests/17/expenses-272,200,OK,CLAIM 3-3,text,true,,1977,794,3,9,https://opensource-demo.orangehrmlive.com/web/index.php/api/v2/claim/requests/61/expenses?limit=50&offset=0,380,0,0
1751186859537,428,/web/index.php/api/v2/claim/employees/requests-284,200,OK,CLAIM 3-3,text,true,,1782,883,2,7,https://opensource-demo.orangehrmlive.com/web/index.php/api/v2/claim/employees/requests?limit=50&offset=0&empNumber=333&includeEmployees=onlyCurrent&sortField=claimRequest.referenceId&sortOrder=DESC,428,0,0
1751186845917,14185,Pacing Wait TIme,200,OK,PIM 1-2,text,true,,0,0,2,7,null,0,0,0
1751186860101,0,Debug Sampler,200,OK,PIM 1-2,text,true,,939,0,2,7,null,0,0,0
1751186835854,11597,Assign Claim,200,"Number of samples in transaction : 25, number of failing samples : 0",CLAIM 3-2,,true,,78978,20870,2,6,null,0,13268,0
1751186835854,0,Debug Sampler,200,OK,CLAIM 3-2,text,true,,865,0,3,9,null,0,0,0
1751186835854,919,/web/index.php/pim/viewPimModule-58,200,OK,CLAIM 3-2,text,true,,5332,1701,3,9,https://opensource-demo.orangehrmlive.com/web/index.php/pim/viewEmployeeList,442,0,0
1751186835854,442,/web/index.php/pim/viewPimModule-58-0,302,Found,CLAIM 3-2,text,true,,2029,849,3,9,https://opensource-demo.orangehrmlive.com/web/index.php/pim/viewPimModule,442,0,0
1751186836296,477,/web/index.php/pim/viewPimModule-58-1,200,OK,CLAIM 3-2,text,true,,3303,852,3,9,https://opensource-demo.orangehrmlive.com/web/index.php/pim/viewEmployeeList,477,0,0
1751186836774,448,/web/index.php/pim/addEmployee-68,200,OK,CLAIM 3-2,text,true,,3322,852,3,9,https://opensource-demo.orangehrmlive.com/web/index.php/pim/addEmployee,448,0,0
1751186837223,430,/web/index.php/api/v2/core/validation/unique-74,200,OK,CLAIM 3-2,text,true,,1422,764,3,9,https://opensource-demo.orangehrmlive.com/web/index.php/api/v2/core/validation/unique?value=EMP8931204&entityName=Employee&attributeName=employeeId,430,0,0
1751186838692,460,/web/index.php/api/v2/pim/employees-77,200,OK,CLAIM 3-2,text,true,,1540,894,3,9,https://opensource-demo.orangehrmlive.com/web/index.php/api/v2/pim/employees,460,0,0
1751186839153,903,/web/index.php/claim/viewClaimModule-220,200,OK,CLAIM 3-2,text,true,,5220,1706,3,9,https://opensource-demo.orangehrmlive.com/web/index.php/claim/viewAssignClaim,434,0,0
1751186839153,434,/web/index.php/claim/viewClaimModule-220-0,302,Found,CLAIM 3-2,text,true,,2034,853,3,9,https://opensource-demo.orangehrmlive.com/web/index.php/claim/viewClaimModule,434,0,0
1751186839587,469,/web/index.php/claim/viewClaimModule-220-1,200,OK,CLAIM 3-2,text,true,,3186,853,3,9,https://opensource-demo.orangehrmlive.com/web/index.php/claim/viewAssignClaim,469,0,0
1751186840056,439,/web/index.php/claim/viewAssignClaim-222,200,OK,CLAIM 3-2,text,true,,3186,853,3,9,https://opensource-demo.orangehrmlive.com/web/index.php/claim/viewAssignClaim,439,0,0
1751186840495,881,/web/index.php/api/v2/claim/employees/requests-228,200,OK,CLAIM 3-2,text,true,,17727,869,3,9,https://opensource-demo.orangehrmlive.com/web/index.php/api/v2/claim/employees/requests?limit=50&offset=0&includeEmployees=onlyCurrent&sortField=claimRequest.referenceId&sortOrder=DESC,881,0,0
1751186841376,492,/web/index.php/claim/assignClaim-236,200,OK,CLAIM 3-2,text,true,,5350,855,3,9,https://opensource-demo.orangehrmlive.com/web/index.php/claim/assignClaim,492,0,0
1751186841868,430,/web/index.php/api/v2/claim/events-239,200,OK,CLAIM 3-2,text,true,,1624,776,3,9,https://opensource-demo.orangehrmlive.com/web/index.php/api/v2/claim/events?limit=0&status=true,430,0,0
1751186842299,463,/web/index.php/api/v2/pim/employees-252,200,OK,CLAIM 3-2,text,true,,8120,798,3,9,https://opensource-demo.orangehrmlive.com/web/index.php/api/v2/pim/employees?nameOrId=yu&includeEmployees=onlyCurrent,463,0,0
1751186842762,451,/web/index.php/api/v2/claim/employees/329/requests-253,200,OK,CLAIM 3-2,text,true,,1619,851,3,9,https://opensource-demo.orangehrmlive.com/web/index.php/api/v2/claim/employees/328/requests,451,0,0
1751186843214,408,/web/index.php/claim/assignClaim/id/17-254,200,OK,CLAIM 3-2,text,true,,3417,857,3,9,https://opensource-demo.orangehrmlive.com/web/index.php/claim/assignClaim/id/60,408,0,0
1751186843623,404,/web/index.php/api/v2/claim/employees/329/requests/17-257,200,OK,CLAIM 3-2,text,true,,1818,719,3,9,https://opensource-demo.orangehrmlive.com/web/index.php/api/v2/claim/employees/328/requests/60,404,0,0
1751186844028,401,/web/index.php/api/v2/claim/expenses/types-261,200,OK,CLAIM 3-2,text,true,,1678,790,3,9,https://opensource-demo.orangehrmlive.com/web/index.php/api/v2/claim/expenses/types?limit=0&status=true,401,0,0
1751186844429,0,JSR223 Sampler,200,OK,CLAIM 3-2,text,true,,0,0,3,9,null,0,0,0
1751186846573,455,/web/index.php/api/v2/claim/requests/17/expenses-265,200,OK,CLAIM 3-2,text,true,,1542,873,3,9,https://opensource-demo.orangehrmlive.com/web/index.php/api/v2/claim/requests/60/expenses,455,0,0
1751186848821,440,/web/index.php/api/v2/claim/requests/17/expenses-265,200,OK,CLAIM 3-2,text,true,,1543,873,3,9,https://opensource-demo.orangehrmlive.com/web/index.php/api/v2/claim/requests/60/expenses,440,0,0
1751186850790,436,/web/index.php/api/v2/claim/requests/17/expenses-265,200,OK,CLAIM 3-2,text,true,,1544,873,3,9,https://opensource-demo.orangehrmlive.com/web/index.php/api/v2/claim/requests/60/expenses,436,0,0
1751186851992,449,/web/index.php/api/v2/claim/requests/17/expenses-265,200,OK,CLAIM 3-2,text,true,,1538,873,3,9,https://opensource-demo.orangehrmlive.com/web/index.php/api/v2/claim/requests/60/expenses,449,0,0
1751186855423,470,/web/index.php/api/v2/claim/requests/17/action-267,200,OK,CLAIM 3-2,text,true,,1614,834,3,9,https://opensource-demo.orangehrmlive.com/web/index.php/api/v2/claim/requests/60/action,470,0,0
1751186855893,455,/web/index.php/claim/assignClaim/id/17-268,200,OK,CLAIM 3-2,text,true,,3417,863,3,9,https://opensource-demo.orangehrmlive.com/web/index.php/claim/assignClaim/id/60,455,0,0
1751186856348,432,/web/index.php/api/v2/claim/employees/329/requests/17-271,200,OK,CLAIM 3-2,text,true,,1778,719,3,9,https://opensource-demo.orangehrmlive.com/web/index.php/api/v2/claim/employees/328/requests/60,432,0,0
1751186856780,434,/web/index.php/api/v2/claim/requests/17/expenses-272,200,OK,CLAIM 3-2,text,true,,1977,794,3,9,https://opensource-demo.orangehrmlive.com/web/index.php/api/v2/claim/requests/60/expenses?limit=50&offset=0,434,0,0
1751186860221,497,/web/index.php/api/v2/claim/employees/requests-284,200,OK,CLAIM 3-2,text,true,,1785,883,2,6,https://opensource-demo.orangehrmlive.com/web/index.php/api/v2/claim/employees/requests?limit=50&offset=0&empNumber=328&includeEmployees=onlyCurrent&sortField=claimRequest.referenceId&sortOrder=DESC,497,0,0
1751186859966,771,Logout,200,OK,CLAIM 3-3,text,true,,4661,1719,2,6,https://opensource-demo.orangehrmlive.com/web/index.php/auth/login,355,0,0
1751186859966,355,Logout-0,302,Found,CLAIM 3-3,text,true,,2072,860,2,6,https://opensource-demo.orangehrmlive.com/web/index.php/auth/logout,355,0,0
1751186860322,415,Logout-1,200,OK,CLAIM 3-3,text,true,,2589,859,2,6,https://opensource-demo.orangehrmlive.com/web/index.php/auth/login,415,0,0
1751186845023,15743,Pacing Wait TIme,200,OK,PIM 1-3,text,true,,0,0,1,6,null,0,0,0
1751186860765,0,Debug Sampler,200,OK,PIM 1-3,text,true,,879,0,1,6,null,0,0,0
1751186860737,221,Pacing Wait TIme,200,OK,CLAIM 3-3,text,true,,0,0,2,5,null,0,0,0
1751186860958,0,Debug Sampler,200,OK,CLAIM 3-3,text,true,,1092,0,2,5,null,0,0,0
1751186860719,863,Logout,200,OK,CLAIM 3-2,text,true,,4684,1719,1,4,https://opensource-demo.orangehrmlive.com/web/index.php/auth/login,424,0,0
1751186860719,424,Logout-0,302,Found,CLAIM 3-2,text,true,,2072,860,1,4,https://opensource-demo.orangehrmlive.com/web/index.php/auth/logout,424,0,0
1751186861143,439,Logout-1,200,OK,CLAIM 3-2,text,true,,2612,859,1,4,https://opensource-demo.orangehrmlive.com/web/index.php/auth/login,439,0,0
1751186861582,1,Pacing Wait TIme,200,OK,CLAIM 3-2,text,true,,0,0,1,4,null,0,0,0
1751186861583,0,Debug Sampler,200,OK,CLAIM 3-2,text,true,,1116,0,1,4,null,0,0,0
1751186834681,15976,TimeSheets,200,"Number of samples in transaction : 40, number of failing samples : 0",TIME 2-1,,true,,96478,32991,3,3,null,0,12206,0
1751186834686,0,Debug Sampler,200,OK,TIME 2-1,text,true,,830,0,3,9,null,0,0,0
1751186834687,780,/web/index.php/pim/viewPimModule-58,200,OK,TIME 2-1,text,true,,5332,1701,3,9,https://opensource-demo.orangehrmlive.com/web/index.php/pim/viewEmployeeList,366,0,0
1751186834687,366,/web/index.php/pim/viewPimModule-58-0,302,Found,TIME 2-1,text,true,,2029,849,3,9,https://opensource-demo.orangehrmlive.com/web/index.php/pim/viewPimModule,366,0,0
1751186835053,414,/web/index.php/pim/viewPimModule-58-1,200,OK,TIME 2-1,text,true,,3303,852,3,9,https://opensource-demo.orangehrmlive.com/web/index.php/pim/viewEmployeeList,414,0,0
1751186835467,401,/web/index.php/pim/addEmployee-68,200,OK,TIME 2-1,text,true,,3322,852,3,9,https://opensource-demo.orangehrmlive.com/web/index.php/pim/addEmployee,401,0,0
1751186835873,404,/web/index.php/api/v2/core/validation/unique-74,200,OK,TIME 2-1,text,true,,1422,764,3,9,https://opensource-demo.orangehrmlive.com/web/index.php/api/v2/core/validation/unique?value=EMP2231193&entityName=Employee&attributeName=employeeId,404,0,0
1751186837689,414,/web/index.php/api/v2/pim/employees-77,200,OK,TIME 2-1,text,true,,1540,894,3,9,https://opensource-demo.orangehrmlive.com/web/index.php/api/v2/pim/employees,414,0,0
1751186838108,0,Debug Sampler,200,OK,TIME 2-1,text,true,,888,0,3,9,null,0,0,0
1751186838108,791,/web/index.php/time/viewTimeModule-35,200,OK,TIME 2-1,text,true,,5368,1709,3,9,https://opensource-demo.orangehrmlive.com/web/index.php/time/viewEmployeeTimesheet,385,0,0
1751186838108,385,/web/index.php/time/viewTimeModule-35-0,302,Found,TIME 2-1,text,true,,2059,851,3,9,https://opensource-demo.orangehrmlive.com/web/index.php/time/viewTimeModule,385,0,0
1751186838493,406,/web/index.php/time/viewTimeModule-35-1,200,OK,TIME 2-1,text,true,,3309,858,3,9,https://opensource-demo.orangehrmlive.com/web/index.php/time/viewEmployeeTimesheet,406,0,0
1751186838899,424,/web/index.php/time/viewCustomers-40,200,OK,TIME 2-1,text,true,,3401,861,3,9,https://opensource-demo.orangehrmlive.com/web/index.php/time/viewCustomers,424,0,0
1751186841324,412,/web/index.php/time/addCustomer-44,200,OK,TIME 2-1,text,true,,3302,851,3,9,https://opensource-demo.orangehrmlive.com/web/index.php/time/addCustomer,412,0,0
1751186843738,445,/web/index.php/api/v2/time/validation/customer-name-50,200,OK,TIME 2-1,text,true,,1422,746,3,9,https://opensource-demo.orangehrmlive.com/web/index.php/api/v2/time/validation/customer-name?customerName=yuvaraj_20250629141714,445,0,0
1751186844313,369,/web/index.php/api/v2/time/customers-51,200,OK,TIME 2-1,text,true,,1482,832,3,9,https://opensource-demo.orangehrmlive.com/web/index.php/api/v2/time/customers,369,0,0
1751186846688,419,/web/index.php/time/viewProjects-56,200,OK,TIME 2-1,text,true,,3456,852,3,9,https://opensource-demo.orangehrmlive.com/web/index.php/time/viewProjects,419,0,0
1751186847107,386,/web/index.php/api/v2/time/validation/project-name-70,200,OK,TIME 2-1,text,true,,1422,762,3,9,https://opensource-demo.orangehrmlive.com/web/index.php/api/v2/time/validation/project-name?projectName=yuvaraj_20250629141714+pro&customerId=37,386,0,0
1751186848972,379,/web/index.php/api/v2/time/projects-71,200,OK,TIME 2-1,text,true,,1576,885,3,9,https://opensource-demo.orangehrmlive.com/web/index.php/api/v2/time/projects,379,0,0
1751186849358,388,/web/index.php/time/saveProject/24-72,200,OK,TIME 2-1,text,true,,3381,852,3,9,https://opensource-demo.orangehrmlive.com/web/index.php/time/saveProject/39,388,0,0
1751186849746,405,/web/index.php/api/v2/time/projects/24-76,200,OK,TIME 2-1,text,true,,1576,716,3,9,https://opensource-demo.orangehrmlive.com/web/index.php/api/v2/time/projects/39?model=detailed,405,0,0
1751186850151,382,/web/index.php/api/v2/time/validation/project-name-77,200,OK,TIME 2-1,text,true,,1422,778,3,9,https://opensource-demo.orangehrmlive.com/web/index.php/api/v2/time/validation/project-name?projectId=39&projectName=yuvaraj_20250629141714+pro&customerId=37,382,0,0
1751186850534,379,/web/index.php/api/v2/time/project/24/activities-79,200,OK,TIME 2-1,text,true,,1453,817,3,9,https://opensource-demo.orangehrmlive.com/web/index.php/api/v2/time/project/39/activities,379,0,0
1751186850914,406,/web/index.php/time/viewTimesheet/employeeId/292-87,200,OK,TIME 2-1,text,true,,3382,876,3,9,https://opensource-demo.orangehrmlive.com/web/index.php/time/viewTimesheet/employeeId/326,406,0,0
1751186851320,398,/web/index.php/api/v2/time/employees/292/timesheets-93,200,OK,TIME 2-1,text,true,,1521,852,3,9,https://opensource-demo.orangehrmlive.com/web/index.php/api/v2/time/employees/326/timesheets,398,0,0
1751186851719,389,/web/index.php/api/v2/time/timesheets/default-95,200,OK,TIME 2-1,text,true,,1521,751,3,9,https://opensource-demo.orangehrmlive.com/web/index.php/api/v2/time/timesheets/default?date=2025-06-29&empNumber=326,389,0,0
1751186852108,438,/web/index.php/time/editTimesheet/269-98,200,OK,TIME 2-1,text,true,,3314,875,3,9,https://opensource-demo.orangehrmlive.com/web/index.php/time/editTimesheet/308%20,438,0,0
1751186852546,414,/web/index.php/api/v2/time/projects-103,200,OK,TIME 2-1,text,true,,6328,821,3,9,https://opensource-demo.orangehrmlive.com/web/index.php/api/v2/time/projects?onlyAllowed=false&model=detailed&customerOrProjectName=yu,414,0,0
1751186852960,384,/web/index.php/api/v2/time/project/24/activities-104,200,OK,TIME 2-1,text,true,,1464,722,3,9,https://opensource-demo.orangehrmlive.com/web/index.php/api/v2/time/project/39/activities?limit=0,384,0,0
1751186854132,411,/web/index.php/api/v2/time/employees/timesheets/269/entries-105,200,OK,TIME 2-1,text,true,,3052,1080,3,9,https://opensource-demo.orangehrmlive.com/web/index.php/api/v2/time/employees/timesheets/308/entries,411,0,0
1751186854543,404,/web/index.php/time/viewTimesheet/employeeId/292-106,200,OK,TIME 2-1,text,true,,3402,894,3,9,https://opensource-demo.orangehrmlive.com/web/index.php/time/viewTimesheet/employeeId/326?startDate=2025-06-23,404,0,0
1751186854947,376,/web/index.php/api/v2/time/timesheets/default-109,200,OK,TIME 2-1,text,true,,1521,772,3,9,https://opensource-demo.orangehrmlive.com/web/index.php/api/v2/time/timesheets/default?date=2025-06-23&empNumber=326,376,0,0
1751186855324,359,/web/index.php/api/v2/time/employees/timesheets/269/entries-112,200,OK,TIME 2-1,text,true,,3052,756,3,9,https://opensource-demo.orangehrmlive.com/web/index.php/api/v2/time/employees/timesheets/308/entries,359,0,0
1751186856422,419,/web/index.php/api/v2/time/employees/292/timesheets/269-114,200,OK,TIME 2-1,text,true,,1513,874,3,9,https://opensource-demo.orangehrmlive.com/web/index.php/api/v2/time/employees/326/timesheets/308,419,0,0
1751186856841,373,/web/index.php/api/v2/time/timesheets/default-115,200,OK,TIME 2-1,text,true,,1513,772,3,9,https://opensource-demo.orangehrmlive.com/web/index.php/api/v2/time/timesheets/default?date=2025-06-23&empNumber=326,373,0,0
1751186857214,373,/web/index.php/api/v2/time/timesheets/269/action-logs-117,200,OK,TIME 2-1,text,true,,1654,830,3,9,https://opensource-demo.orangehrmlive.com/web/index.php/api/v2/time/timesheets/308/action-logs?limit=50&offset=0,373,0,0
1751186857586,404,/web/index.php/api/v2/time/employees/timesheets/269/entries-116,200,OK,TIME 2-1,text,true,,3082,756,3,9,https://opensource-demo.orangehrmlive.com/web/index.php/api/v2/time/employees/timesheets/308/entries,404,0,0
1751186857990,414,/web/index.php/time/viewTimesheet/employeeId/292-122,200,OK,TIME 2-1,text,true,,3402,897,3,9,https://opensource-demo.orangehrmlive.com/web/index.php/time/viewTimesheet/employeeId/326?startDate=2025-06-23,414,0,0
1751186858404,387,/web/index.php/api/v2/time/timesheets/default-125,200,OK,TIME 2-1,text,true,,1513,772,3,9,https://opensource-demo.orangehrmlive.com/web/index.php/api/v2/time/timesheets/default?date=2025-06-23&empNumber=326,387,0,0
1751186858791,406,/web/index.php/api/v2/time/employees/timesheets/269/entries-128,200,OK,TIME 2-1,text,true,,3082,756,3,9,https://opensource-demo.orangehrmlive.com/web/index.php/api/v2/time/employees/timesheets/308/entries,406,0,0
1751186859197,381,/web/index.php/api/v2/time/timesheets/269/action-logs-129,200,OK,TIME 2-1,text,true,,1654,830,3,8,https://opensource-demo.orangehrmlive.com/web/index.php/api/v2/time/timesheets/308/action-logs?limit=50&offset=0,381,0,0
1751186861200,393,/web/index.php/api/v2/time/employees/292/timesheets/269-130,200,OK,TIME 2-1,text,true,,1511,875,3,3,https://opensource-demo.orangehrmlive.com/web/index.php/api/v2/time/employees/326/timesheets/308,393,0,0
1751186861593,419,/web/index.php/api/v2/time/timesheets/default-131,200,OK,TIME 2-1,text,true,,1511,772,3,3,https://opensource-demo.orangehrmlive.com/web/index.php/api/v2/time/timesheets/default?date=2025-06-23&empNumber=326,419,0,0
1751186862012,450,/web/index.php/api/v2/time/timesheets/269/action-logs-133,200,OK,TIME 2-1,text,true,,1887,830,3,3,https://opensource-demo.orangehrmlive.com/web/index.php/api/v2/time/timesheets/308/action-logs?limit=50&offset=0,450,0,0
1751186862463,400,/web/index.php/api/v2/time/employees/timesheets/269/entries-132,200,OK,TIME 2-1,text,true,,3004,756,3,3,https://opensource-demo.orangehrmlive.com/web/index.php/api/v2/time/employees/timesheets/308/entries,400,0,0
1751186862867,843,Logout,200,OK,TIME 2-1,text,true,,4659,1719,3,3,https://opensource-demo.orangehrmlive.com/web/index.php/auth/login,450,0,0
1751186862867,450,Logout-0,302,Found,TIME 2-1,text,true,,2072,860,3,3,https://opensource-demo.orangehrmlive.com/web/index.php/auth/logout,450,0,0
1751186863317,393,Logout-1,200,OK,TIME 2-1,text,true,,2587,859,3,3,https://opensource-demo.orangehrmlive.com/web/index.php/auth/login,393,0,0
1751186837826,15774,TimeSheets,200,"Number of samples in transaction : 40, number of failing samples : 0",TIME 2-2,,true,,96603,32991,3,3,null,0,11388,0
1751186837827,0,Debug Sampler,200,OK,TIME 2-2,text,true,,896,0,3,9,null,0,0,0
1751186837827,763,/web/index.php/pim/viewPimModule-58,200,OK,TIME 2-2,text,true,,5332,1701,3,9,https://opensource-demo.orangehrmlive.com/web/index.php/pim/viewEmployeeList,378,0,0
1751186837827,378,/web/index.php/pim/viewPimModule-58-0,302,Found,TIME 2-2,text,true,,2029,849,3,9,https://opensource-demo.orangehrmlive.com/web/index.php/pim/viewPimModule,378,0,0
1751186838205,385,/web/index.php/pim/viewPimModule-58-1,200,OK,TIME 2-2,text,true,,3303,852,3,9,https://opensource-demo.orangehrmlive.com/web/index.php/pim/viewEmployeeList,385,0,0
1751186838590,397,/web/index.php/pim/addEmployee-68,200,OK,TIME 2-2,text,true,,3321,852,3,9,https://opensource-demo.orangehrmlive.com/web/index.php/pim/addEmployee,397,0,0
1751186838988,393,/web/index.php/api/v2/core/validation/unique-74,200,OK,TIME 2-2,text,true,,1422,764,3,9,https://opensource-demo.orangehrmlive.com/web/index.php/api/v2/core/validation/unique?value=EMP8943506&entityName=Employee&attributeName=employeeId,393,0,0
1751186839483,421,/web/index.php/api/v2/pim/employees-77,200,OK,TIME 2-2,text,true,,1540,894,3,9,https://opensource-demo.orangehrmlive.com/web/index.php/api/v2/pim/employees,421,0,0
1751186839905,0,Debug Sampler,200,OK,TIME 2-2,text,true,,955,0,3,9,null,0,0,0
1751186839905,765,/web/index.php/time/viewTimeModule-35,200,OK,TIME 2-2,text,true,,5368,1709,3,9,https://opensource-demo.orangehrmlive.com/web/index.php/time/viewEmployeeTimesheet,374,0,0
1751186839905,374,/web/index.php/time/viewTimeModule-35-0,302,Found,TIME 2-2,text,true,,2059,851,3,9,https://opensource-demo.orangehrmlive.com/web/index.php/time/viewTimeModule,374,0,0
1751186840279,391,/web/index.php/time/viewTimeModule-35-1,200,OK,TIME 2-2,text,true,,3309,858,3,9,https://opensource-demo.orangehrmlive.com/web/index.php/time/viewEmployeeTimesheet,391,0,0
1751186840670,398,/web/index.php/time/viewCustomers-40,200,OK,TIME 2-2,text,true,,3401,861,3,9,https://opensource-demo.orangehrmlive.com/web/index.php/time/viewCustomers,398,0,0
1751186843069,399,/web/index.php/time/addCustomer-44,200,OK,TIME 2-2,text,true,,3302,851,3,9,https://opensource-demo.orangehrmlive.com/web/index.php/time/addCustomer,399,0,0
1751186845469,384,/web/index.php/api/v2/time/validation/customer-name-50,200,OK,TIME 2-2,text,true,,1422,746,3,9,https://opensource-demo.orangehrmlive.com/web/index.php/api/v2/time/validation/customer-name?customerName=yuvaraj_20250629141717,384,0,0
1751186847512,391,/web/index.php/api/v2/time/customers-51,200,OK,TIME 2-2,text,true,,1482,832,3,9,https://opensource-demo.orangehrmlive.com/web/index.php/api/v2/time/customers,391,0,0
1751186849906,402,/web/index.php/time/viewProjects-56,200,OK,TIME 2-2,text,true,,3456,852,3,9,https://opensource-demo.orangehrmlive.com/web/index.php/time/viewProjects,402,0,0
1751186850308,365,/web/index.php/api/v2/time/validation/project-name-70,200,OK,TIME 2-2,text,true,,1422,762,3,9,https://opensource-demo.orangehrmlive.com/web/index.php/api/v2/time/validation/project-name?projectName=yuvaraj_20250629141717+pro&customerId=39,365,0,0
1751186851933,417,/web/index.php/api/v2/time/projects-71,200,OK,TIME 2-2,text,true,,1576,885,3,9,https://opensource-demo.orangehrmlive.com/web/index.php/api/v2/time/projects,417,0,0
1751186852351,407,/web/index.php/time/saveProject/24-72,200,OK,TIME 2-2,text,true,,3381,852,3,9,https://opensource-demo.orangehrmlive.com/web/index.php/time/saveProject/41,407,0,0
1751186852758,384,/web/index.php/api/v2/time/projects/24-76,200,OK,TIME 2-2,text,true,,1576,716,3,9,https://opensource-demo.orangehrmlive.com/web/index.php/api/v2/time/projects/41?model=detailed,384,0,0
1751186853143,379,/web/index.php/api/v2/time/validation/project-name-77,200,OK,TIME 2-2,text,true,,1422,778,3,9,https://opensource-demo.orangehrmlive.com/web/index.php/api/v2/time/validation/project-name?projectId=41&projectName=yuvaraj_20250629141717+pro&customerId=39,379,0,0
1751186853522,380,/web/index.php/api/v2/time/project/24/activities-79,200,OK,TIME 2-2,text,true,,1453,817,3,9,https://opensource-demo.orangehrmlive.com/web/index.php/api/v2/time/project/41/activities,380,0,0
1751186853902,400,/web/index.php/time/viewTimesheet/employeeId/292-87,200,OK,TIME 2-2,text,true,,3379,876,3,9,https://opensource-demo.orangehrmlive.com/web/index.php/time/viewTimesheet/employeeId/330,400,0,0
1751186854302,391,/web/index.php/api/v2/time/employees/292/timesheets-93,200,OK,TIME 2-2,text,true,,1521,852,3,9,https://opensource-demo.orangehrmlive.com/web/index.php/api/v2/time/employees/330/timesheets,391,0,0
1751186854694,374,/web/index.php/api/v2/time/timesheets/default-95,200,OK,TIME 2-2,text,true,,1521,751,3,9,https://opensource-demo.orangehrmlive.com/web/index.php/api/v2/time/timesheets/default?date=2025-06-29&empNumber=330,373,0,0
1751186855068,398,/web/index.php/time/editTimesheet/269-98,200,OK,TIME 2-2,text,true,,3316,875,3,9,https://opensource-demo.orangehrmlive.com/web/index.php/time/editTimesheet/310%20,398,0,0
1751186855466,415,/web/index.php/api/v2/time/projects-103,200,OK,TIME 2-2,text,true,,6328,821,3,9,https://opensource-demo.orangehrmlive.com/web/index.php/api/v2/time/projects?onlyAllowed=false&model=detailed&customerOrProjectName=yu,415,0,0
1751186855881,412,/web/index.php/api/v2/time/project/24/activities-104,200,OK,TIME 2-2,text,true,,1464,722,3,9,https://opensource-demo.orangehrmlive.com/web/index.php/api/v2/time/project/41/activities?limit=0,412,0,0
1751186857327,423,/web/index.php/api/v2/time/employees/timesheets/269/entries-105,200,OK,TIME 2-2,text,true,,3052,1080,3,9,https://opensource-demo.orangehrmlive.com/web/index.php/api/v2/time/employees/timesheets/310/entries,423,0,0
1751186857749,396,/web/index.php/time/viewTimesheet/employeeId/292-106,200,OK,TIME 2-2,text,true,,3399,894,3,9,https://opensource-demo.orangehrmlive.com/web/index.php/time/viewTimesheet/employeeId/330?startDate=2025-06-23,396,0,0
1751186858146,393,/web/index.php/api/v2/time/timesheets/default-109,200,OK,TIME 2-2,text,true,,1521,772,3,9,https://opensource-demo.orangehrmlive.com/web/index.php/api/v2/time/timesheets/default?date=2025-06-23&empNumber=330,393,0,0
1751186858540,402,/web/index.php/api/v2/time/employees/timesheets/269/entries-112,200,OK,TIME 2-2,text,true,,3052,756,3,9,https://opensource-demo.orangehrmlive.com/web/index.php/api/v2/time/employees/timesheets/310/entries,402,0,0
1751186859551,408,/web/index.php/api/v2/time/employees/292/timesheets/269-114,200,OK,TIME 2-2,text,true,,1513,874,3,7,https://opensource-demo.orangehrmlive.com/web/index.php/api/v2/time/employees/330/timesheets/310,408,0,0
1751186859960,379,/web/index.php/api/v2/time/timesheets/default-115,200,OK,TIME 2-2,text,true,,1513,772,3,6,https://opensource-demo.orangehrmlive.com/web/index.php/api/v2/time/timesheets/default?date=2025-06-23&empNumber=330,379,0,0
1751186860339,404,/web/index.php/api/v2/time/timesheets/269/action-logs-117,200,OK,TIME 2-2,text,true,,1654,830,3,6,https://opensource-demo.orangehrmlive.com/web/index.php/api/v2/time/timesheets/310/action-logs?limit=50&offset=0,404,0,0
1751186860743,394,/web/index.php/api/v2/time/employees/timesheets/269/entries-116,200,OK,TIME 2-2,text,true,,3082,756,3,4,https://opensource-demo.orangehrmlive.com/web/index.php/api/v2/time/employees/timesheets/310/entries,394,0,0
1751186861137,417,/web/index.php/time/viewTimesheet/employeeId/292-122,200,OK,TIME 2-2,text,true,,3399,897,3,4,https://opensource-demo.orangehrmlive.com/web/index.php/time/viewTimesheet/employeeId/330?startDate=2025-06-23,417,0,0
1751186861554,392,/web/index.php/api/v2/time/timesheets/default-125,200,OK,TIME 2-2,text,true,,1513,772,3,3,https://opensource-demo.orangehrmlive.com/web/index.php/api/v2/time/timesheets/default?date=2025-06-23&empNumber=330,392,0,0
1751186861946,380,/web/index.php/api/v2/time/employees/timesheets/269/entries-128,200,OK,TIME 2-2,text,true,,3082,756,3,3,https://opensource-demo.orangehrmlive.com/web/index.php/api/v2/time/employees/timesheets/310/entries,380,0,0
1751186862326,385,/web/index.php/api/v2/time/timesheets/269/action-logs-129,200,OK,TIME 2-2,text,true,,1654,830,3,3,https://opensource-demo.orangehrmlive.com/web/index.php/api/v2/time/timesheets/310/action-logs?limit=50&offset=0,385,0,0
1751186863421,379,/web/index.php/api/v2/time/employees/292/timesheets/269-130,200,OK,TIME 2-2,text,true,,1511,875,3,3,https://opensource-demo.orangehrmlive.com/web/index.php/api/v2/time/employees/330/timesheets/310,379,0,0
1751186863800,427,/web/index.php/api/v2/time/timesheets/default-131,200,OK,TIME 2-2,text,true,,1511,772,3,3,https://opensource-demo.orangehrmlive.com/web/index.php/api/v2/time/timesheets/default?date=2025-06-23&empNumber=330,427,0,0
1751186864228,385,/web/index.php/api/v2/time/timesheets/269/action-logs-133,200,OK,TIME 2-2,text,true,,1887,830,3,3,https://opensource-demo.orangehrmlive.com/web/index.php/api/v2/time/timesheets/310/action-logs?limit=50&offset=0,385,0,0
1751186864613,375,/web/index.php/api/v2/time/employees/timesheets/269/entries-132,200,OK,TIME 2-2,text,true,,3004,756,3,3,https://opensource-demo.orangehrmlive.com/web/index.php/api/v2/time/employees/timesheets/310/entries,375,0,0
1751186864989,1007,Logout,200,OK,TIME 2-2,text,true,,4673,1719,3,3,https://opensource-demo.orangehrmlive.com/web/index.php/auth/login,631,0,0
1751186864989,631,Logout-0,302,Found,TIME 2-2,text,true,,2072,860,3,3,https://opensource-demo.orangehrmlive.com/web/index.php/auth/logout,631,0,0
1751186865620,376,Logout-1,200,OK,TIME 2-2,text,true,,2601,859,3,3,https://opensource-demo.orangehrmlive.com/web/index.php/auth/login,376,0,0
1751186836256,15547,TimeSheets,200,"Number of samples in transaction : 40, number of failing samples : 0",TIME 2-3,,true,,96563,32991,3,3,null,0,14197,0
1751186836256,0,Debug Sampler,200,OK,TIME 2-3,text,true,,878,0,3,9,null,0,0,0
1751186836257,762,/web/index.php/pim/viewPimModule-58,200,OK,TIME 2-3,text,true,,5332,1701,3,9,https://opensource-demo.orangehrmlive.com/web/index.php/pim/viewEmployeeList,369,0,0
1751186836257,369,/web/index.php/pim/viewPimModule-58-0,302,Found,TIME 2-3,text,true,,2029,849,3,9,https://opensource-demo.orangehrmlive.com/web/index.php/pim/viewPimModule,369,0,0
1751186836626,393,/web/index.php/pim/viewPimModule-58-1,200,OK,TIME 2-3,text,true,,3303,852,3,9,https://opensource-demo.orangehrmlive.com/web/index.php/pim/viewEmployeeList,393,0,0
1751186837019,401,/web/index.php/pim/addEmployee-68,200,OK,TIME 2-3,text,true,,3322,852,3,9,https://opensource-demo.orangehrmlive.com/web/index.php/pim/addEmployee,401,0,0
1751186837421,369,/web/index.php/api/v2/core/validation/unique-74,200,OK,TIME 2-3,text,true,,1422,764,3,9,https://opensource-demo.orangehrmlive.com/web/index.php/api/v2/core/validation/unique?value=EMP4838177&entityName=Employee&attributeName=employeeId,369,0,0
1751186838207,369,/web/index.php/api/v2/pim/employees-77,200,OK,TIME 2-3,text,true,,1540,894,3,9,https://opensource-demo.orangehrmlive.com/web/index.php/api/v2/pim/employees,369,0,0
1751186838576,0,Debug Sampler,200,OK,TIME 2-3,text,true,,937,0,3,9,null,0,0,0
1751186838576,766,/web/index.php/time/viewTimeModule-35,200,OK,TIME 2-3,text,true,,5368,1709,3,9,https://opensource-demo.orangehrmlive.com/web/index.php/time/viewEmployeeTimesheet,368,0,0
1751186838576,368,/web/index.php/time/viewTimeModule-35-0,302,Found,TIME 2-3,text,true,,2059,851,3,9,https://opensource-demo.orangehrmlive.com/web/index.php/time/viewTimeModule,368,0,0
1751186838944,398,/web/index.php/time/viewTimeModule-35-1,200,OK,TIME 2-3,text,true,,3309,858,3,9,https://opensource-demo.orangehrmlive.com/web/index.php/time/viewEmployeeTimesheet,398,0,0
1751186839343,390,/web/index.php/time/viewCustomers-40,200,OK,TIME 2-3,text,true,,3401,861,3,9,https://opensource-demo.orangehrmlive.com/web/index.php/time/viewCustomers,390,0,0
1751186841741,377,/web/index.php/time/addCustomer-44,200,OK,TIME 2-3,text,true,,3302,851,3,9,https://opensource-demo.orangehrmlive.com/web/index.php/time/addCustomer,377,0,0
1751186844130,363,/web/index.php/api/v2/time/validation/customer-name-50,200,OK,TIME 2-3,text,true,,1422,746,3,9,https://opensource-demo.orangehrmlive.com/web/index.php/api/v2/time/validation/customer-name?customerName=yuvaraj_20250629141716,363,0,0
1751186844927,378,/web/index.php/api/v2/time/customers-51,200,OK,TIME 2-3,text,true,,1482,832,3,9,https://opensource-demo.orangehrmlive.com/web/index.php/api/v2/time/customers,378,0,0
1751186847306,403,/web/index.php/time/viewProjects-56,200,OK,TIME 2-3,text,true,,3456,852,3,9,https://opensource-demo.orangehrmlive.com/web/index.php/time/viewProjects,402,0,0
1751186847709,363,/web/index.php/api/v2/time/validation/project-name-70,200,OK,TIME 2-3,text,true,,1422,762,3,9,https://opensource-demo.orangehrmlive.com/web/index.php/api/v2/time/validation/project-name?projectName=yuvaraj_20250629141716+pro&customerId=38,363,0,0
1751186849119,399,/web/index.php/api/v2/time/projects-71,200,OK,TIME 2-3,text,true,,1576,885,3,9,https://opensource-demo.orangehrmlive.com/web/index.php/api/v2/time/projects,399,0,0
1751186849519,388,/web/index.php/time/saveProject/24-72,200,OK,TIME 2-3,text,true,,3381,852,3,9,https://opensource-demo.orangehrmlive.com/web/index.php/time/saveProject/40,388,0,0
1751186849907,379,/web/index.php/api/v2/time/projects/24-76,200,OK,TIME 2-3,text,true,,1576,716,3,9,https://opensource-demo.orangehrmlive.com/web/index.php/api/v2/time/projects/40?model=detailed,379,0,0
1751186850286,384,/web/index.php/api/v2/time/validation/project-name-77,200,OK,TIME 2-3,text,true,,1422,778,3,9,https://opensource-demo.orangehrmlive.com/web/index.php/api/v2/time/validation/project-name?projectId=40&projectName=yuvaraj_20250629141716+pro&customerId=38,384,0,0
1751186850670,369,/web/index.php/api/v2/time/project/24/activities-79,200,OK,TIME 2-3,text,true,,1453,817,3,9,https://opensource-demo.orangehrmlive.com/web/index.php/api/v2/time/project/40/activities,369,0,0
1751186851040,386,/web/index.php/time/viewTimesheet/employeeId/292-87,200,OK,TIME 2-3,text,true,,3379,876,3,9,https://opensource-demo.orangehrmlive.com/web/index.php/time/viewTimesheet/employeeId/327,386,0,0
1751186851426,377,/web/index.php/api/v2/time/employees/292/timesheets-93,200,OK,TIME 2-3,text,true,,1521,852,3,9,https://opensource-demo.orangehrmlive.com/web/index.php/api/v2/time/employees/327/timesheets,377,0,0
1751186851804,351,/web/index.php/api/v2/time/timesheets/default-95,200,OK,TIME 2-3,text,true,,1521,751,3,9,https://opensource-demo.orangehrmlive.com/web/index.php/api/v2/time/timesheets/default?date=2025-06-29&empNumber=327,351,0,0
1751186852155,391,/web/index.php/time/editTimesheet/269-98,200,OK,TIME 2-3,text,true,,3311,875,3,9,https://opensource-demo.orangehrmlive.com/web/index.php/time/editTimesheet/309%20,391,0,0
1751186852547,395,/web/index.php/api/v2/time/projects-103,200,OK,TIME 2-3,text,true,,6328,821,3,9,https://opensource-demo.orangehrmlive.com/web/index.php/api/v2/time/projects?onlyAllowed=false&model=detailed&customerOrProjectName=yu,395,0,0
1751186852942,391,/web/index.php/api/v2/time/project/24/activities-104,200,OK,TIME 2-3,text,true,,1464,722,3,9,https://opensource-demo.orangehrmlive.com/web/index.php/api/v2/time/project/40/activities?limit=0,391,0,0
1751186855923,370,/web/index.php/api/v2/time/employees/timesheets/269/entries-105,200,OK,TIME 2-3,text,true,,3052,1080,3,9,https://opensource-demo.orangehrmlive.com/web/index.php/api/v2/time/employees/timesheets/309/entries,370,0,0
1751186856293,411,/web/index.php/time/viewTimesheet/employeeId/292-106,200,OK,TIME 2-3,text,true,,3399,894,3,9,https://opensource-demo.orangehrmlive.com/web/index.php/time/viewTimesheet/employeeId/327?startDate=2025-06-23,411,0,0
1751186856704,377,/web/index.php/api/v2/time/timesheets/default-109,200,OK,TIME 2-3,text,true,,1521,772,3,9,https://opensource-demo.orangehrmlive.com/web/index.php/api/v2/time/timesheets/default?date=2025-06-23&empNumber=327,377,0,0
1751186857081,385,/web/index.php/api/v2/time/employees/timesheets/269/entries-112,200,OK,TIME 2-3,text,true,,3052,756,3,9,https://opensource-demo.orangehrmlive.com/web/index.php/api/v2/time/employees/timesheets/309/entries,385,0,0
1751186858821,391,/web/index.php/api/v2/time/employees/292/timesheets/269-114,200,OK,TIME 2-3,text,true,,1513,874,3,9,https://opensource-demo.orangehrmlive.com/web/index.php/api/v2/time/employees/327/timesheets/309,391,0,0
1751186859212,360,/web/index.php/api/v2/time/timesheets/default-115,200,OK,TIME 2-3,text,true,,1513,772,3,8,https://opensource-demo.orangehrmlive.com/web/index.php/api/v2/time/timesheets/default?date=2025-06-23&empNumber=327,360,0,0
1751186859572,406,/web/index.php/api/v2/time/timesheets/269/action-logs-117,200,OK,TIME 2-3,text,true,,1654,830,3,7,https://opensource-demo.orangehrmlive.com/web/index.php/api/v2/time/timesheets/309/action-logs?limit=50&offset=0,406,0,0
1751186859978,381,/web/index.php/api/v2/time/employees/timesheets/269/entries-116,200,OK,TIME 2-3,text,true,,3082,756,3,6,https://opensource-demo.orangehrmlive.com/web/index.php/api/v2/time/employees/timesheets/309/entries,381,0,0
1751186860359,390,/web/index.php/time/viewTimesheet/employeeId/292-122,200,OK,TIME 2-3,text,true,,3399,897,3,6,https://opensource-demo.orangehrmlive.com/web/index.php/time/viewTimesheet/employeeId/327?startDate=2025-06-23,390,0,0
1751186860749,368,/web/index.php/api/v2/time/timesheets/default-125,200,OK,TIME 2-3,text,true,,1513,772,3,4,https://opensource-demo.orangehrmlive.com/web/index.php/api/v2/time/timesheets/default?date=2025-06-23&empNumber=327,368,0,0
1751186861118,381,/web/index.php/api/v2/time/employees/timesheets/269/entries-128,200,OK,TIME 2-3,text,true,,3082,756,3,4,https://opensource-demo.orangehrmlive.com/web/index.php/api/v2/time/employees/timesheets/309/entries,381,0,0
1751186861499,380,/web/index.php/api/v2/time/timesheets/269/action-logs-129,200,OK,TIME 2-3,text,true,,1654,830,3,3,https://opensource-demo.orangehrmlive.com/web/index.php/api/v2/time/timesheets/309/action-logs?limit=50&offset=0,380,0,0
1751186864204,369,/web/index.php/api/v2/time/employees/292/timesheets/269-130,200,OK,TIME 2-3,text,true,,1511,875,3,3,https://opensource-demo.orangehrmlive.com/web/index.php/api/v2/time/employees/327/timesheets/309,369,0,0
1751186864573,360,/web/index.php/api/v2/time/timesheets/default-131,200,OK,TIME 2-3,text,true,,1511,772,3,3,https://opensource-demo.orangehrmlive.com/web/index.php/api/v2/time/timesheets/default?date=2025-06-23&empNumber=327,360,0,0
1751186864933,692,/web/index.php/api/v2/time/timesheets/269/action-logs-133,200,OK,TIME 2-3,text,true,,1887,830,3,3,https://opensource-demo.orangehrmlive.com/web/index.php/api/v2/time/timesheets/309/action-logs?limit=50&offset=0,692,0,0
1751186865625,375,/web/index.php/api/v2/time/employees/timesheets/269/entries-132,200,OK,TIME 2-3,text,true,,3004,756,3,3,https://opensource-demo.orangehrmlive.com/web/index.php/api/v2/time/employees/timesheets/309/entries,375,0,0
1751186866001,799,Logout,200,OK,TIME 2-3,text,true,,4674,1719,3,3,https://opensource-demo.orangehrmlive.com/web/index.php/auth/login,436,0,0
1751186866001,436,Logout-0,302,Found,TIME 2-3,text,true,,2072,860,3,3,https://opensource-demo.orangehrmlive.com/web/index.php/auth/logout,436,0,0
1751186866437,363,Logout-1,200,OK,TIME 2-3,text,true,,2602,859,3,3,https://opensource-demo.orangehrmlive.com/web/index.php/auth/login,363,0,0
1751186863710,5819,Pacing Wait TIme,200,OK,TIME 2-1,text,true,,0,0,3,3,null,0,0,0
1751186869529,1,Debug Sampler,200,OK,TIME 2-1,text,true,,1221,0,3,3,null,0,0,0
1751186865996,4199,Pacing Wait TIme,200,OK,TIME 2-2,text,true,,0,0,2,2,null,0,0,0
1751186870195,1,Debug Sampler,200,OK,TIME 2-2,text,true,,1286,0,2,2,null,0,0,0
1751186866800,4065,Pacing Wait TIme,200,OK,TIME 2-3,text,true,,0,0,1,1,null,0,0,0
1751186870865,0,Debug Sampler,200,OK,TIME 2-3,text,true,,1269,0,1,1,null,0,0,0
